time,.header.seq,.header.stamp.secs,.header.stamp.nsecs,.header.frame_id,.front_left,.front_right,.rear_left,.rear_right
2021/09/10/13:52:49.457789,2008,1631296369,457576751,,1,60,62,64
2021/09/10/13:52:49.483816,2009,1631296369,483503580,,2,60,62,64
2021/09/10/13:52:49.499583,2010,1631296369,499408006,,3,60,62,64
2021/09/10/13:52:49.525633,2011,1631296369,525425195,,4,60,62,64
2021/09/10/13:52:49.541793,2012,1631296369,541464090,,5,60,62,64
2021/09/10/13:52:49.557842,2013,1631296369,557454586,,6,60,63,64
2021/09/10/13:52:49.584163,2014,1631296369,583497285,,7,60,63,66
2021/09/10/13:52:49.600137,2015,1631296369,599497795,,8,63,63,66
2021/09/10/13:52:49.626057,2016,1631296369,625336885,,9,63,63,66
2021/09/10/13:52:49.642189,2017,1631296369,641388654,,10,63,63,66
2021/09/10/13:52:49.658415,2018,1631296369,657394647,,11,63,63,66
2021/09/10/13:52:49.684914,2019,1631296369,684322357,,12,63,63,66
2021/09/10/13:52:49.701027,2020,1631296369,700319528,,13,63,63,66
2021/09/10/13:52:49.727020,2021,1631296369,726188659,,14,63,63,66
2021/09/10/13:52:49.742935,2022,1631296369,742205142,,15,63,67,66
2021/09/10/13:52:49.758654,2023,1631296369,758149623,,16,68,67,70
2021/09/10/13:52:49.784563,2024,1631296369,784012556,,17,68,67,70
2021/09/10/13:52:49.800437,2025,1631296369,799953222,,18,68,67,70
2021/09/10/13:52:49.826737,2026,1631296369,825948953,,19,68,67,70
2021/09/10/13:52:49.842478,2027,1631296369,841960430,,20,68,67,70
2021/09/10/13:52:49.859089,2028,1631296369,857942342,,21,68,67,70
2021/09/10/13:52:49.884463,2029,1631296369,883886337,,22,68,67,70
2021/09/10/13:52:49.900402,2030,1631296369,899854421,,23,68,67,70
2021/09/10/13:52:49.926545,2031,1631296369,925709724,,24,68,68,72
2021/09/10/13:52:49.942594,2032,1631296369,941746711,,25,72,68,72
2021/09/10/13:52:49.958755,2033,1631296369,957749843,,26,72,68,72
2021/09/10/13:52:49.984175,2034,1631296369,983675956,,27,72,68,72
2021/09/10/13:52:50.000412,2035,1631296369,999713182,,28,72,68,72
2021/09/10/13:52:50.026180,2036,1631296370,25556087,,29,72,68,72
2021/09/10/13:52:50.042070,2037,1631296370,41555166,,30,72,68,72
2021/09/10/13:52:50.058489,2038,1631296370,57620763,,31,72,68,72
2021/09/10/13:52:50.084165,2039,1631296370,83506584,,32,72,70,74
2021/09/10/13:52:50.099971,2040,1631296370,99382400,,33,75,70,74
2021/09/10/13:52:50.125844,2041,1631296370,125398397,,34,75,70,74
2021/09/10/13:52:50.142206,2042,1631296370,141494989,,35,75,70,74
2021/09/10/13:52:50.157841,2043,1631296370,157347440,,36,75,70,74
2021/09/10/13:52:50.185269,2044,1631296370,184459686,,37,75,70,74
2021/09/10/13:52:50.201175,2045,1631296370,200336456,,38,75,70,74
2021/09/10/13:52:50.226929,2046,1631296370,226297616,,39,75,70,74
2021/09/10/13:52:50.243456,2047,1631296370,242407321,,40,76,77,75
2021/09/10/13:52:50.258978,2048,1631296370,258169174,,41,76,77,75
2021/09/10/13:52:50.284855,2049,1631296370,284220218,,42,76,77,75
2021/09/10/13:52:50.300943,2050,1631296370,300123929,,43,76,77,75
2021/09/10/13:52:50.326633,2051,1631296370,326041221,,44,76,77,75
2021/09/10/13:52:50.342766,2052,1631296370,342057466,,45,76,77,75
2021/09/10/13:52:50.358653,2053,1631296370,357988595,,46,76,77,75
2021/09/10/13:52:50.384544,2054,1631296370,383954763,,47,76,77,75
2021/09/10/13:52:50.400939,2055,1631296370,400011301,,48,79,75,76
2021/09/10/13:52:50.426154,2056,1631296370,425795316,,49,79,75,76
2021/09/10/13:52:50.441909,2057,1631296370,441640138,,50,79,75,76
2021/09/10/13:52:50.458355,2058,1631296370,457772731,,51,79,75,76
2021/09/10/13:52:50.484300,2059,1631296370,483715534,,52,79,75,76
2021/09/10/13:52:50.500155,2060,1631296370,499722719,,53,79,75,76
2021/09/10/13:52:50.525940,2061,1631296370,525584697,,54,79,75,76
2021/09/10/13:52:50.541727,2062,1631296370,541460514,,55,82,75,79
2021/09/10/13:52:50.557994,2063,1631296370,557515621,,56,82,76,79
2021/09/10/13:52:50.583772,2064,1631296370,583492517,,57,82,76,79
2021/09/10/13:52:50.599836,2065,1631296370,599402427,,58,82,76,79
2021/09/10/13:52:50.625729,2066,1631296370,625380516,,59,82,76,79
2021/09/10/13:52:50.641667,2067,1631296370,641291618,,60,82,76,79
2021/09/10/13:52:50.658207,2068,1631296370,657471895,,61,82,76,79
2021/09/10/13:52:50.684687,2069,1631296370,684352874,,62,82,76,79
2021/09/10/13:52:50.701079,2070,1631296370,700344800,,63,82,79,81
2021/09/10/13:52:50.726570,2071,1631296370,726176977,,64,82,79,81
2021/09/10/13:52:50.742784,2072,1631296370,742213964,,65,82,79,81
2021/09/10/13:52:50.759093,2073,1631296370,758289575,,66,82,79,81
2021/09/10/13:52:50.784420,2074,1631296370,784062862,,67,82,79,81
2021/09/10/13:52:50.800532,2075,1631296370,800103425,,68,82,79,81
2021/09/10/13:52:50.826442,2076,1631296370,826014757,,69,82,79,81
2021/09/10/13:52:50.842458,2077,1631296370,841971635,,70,84,79,80
2021/09/10/13:52:50.858566,2078,1631296370,858077526,,71,84,80,80
2021/09/10/13:52:50.884659,2079,1631296370,883948087,,72,84,80,80
2021/09/10/13:52:50.900723,2080,1631296370,900030851,,73,84,80,80
2021/09/10/13:52:50.926425,2081,1631296370,925880193,,74,84,80,80
2021/09/10/13:52:50.942127,2082,1631296370,941825389,,75,84,80,80
2021/09/10/13:52:50.958355,2083,1631296370,957901954,,76,84,80,80
2021/09/10/13:52:50.984330,2084,1631296370,983841896,,77,82,89,80
2021/09/10/13:52:51.000375,2085,1631296370,999742269,,78,82,89,80
2021/09/10/13:52:51.026114,2086,1631296371,25721788,,79,82,89,80
2021/09/10/13:52:51.042369,2087,1631296371,41722536,,80,82,89,80
2021/09/10/13:52:51.058427,2088,1631296371,57738780,,81,82,89,80
2021/09/10/13:52:51.084090,2089,1631296371,83598852,,82,82,89,80
2021/09/10/13:52:51.100166,2090,1631296371,99612951,,83,82,89,80
2021/09/10/13:52:51.125834,2091,1631296371,125516653,,84,85,87,80
2021/09/10/13:52:51.141955,2092,1631296371,141481637,,85,85,87,84
2021/09/10/13:52:51.158333,2093,1631296371,157638072,,86,85,87,84
2021/09/10/13:52:51.183921,2094,1631296371,183473348,,87,85,87,84
2021/09/10/13:52:51.199794,2095,1631296371,199339866,,88,85,87,84
2021/09/10/13:52:51.225574,2096,1631296371,225275039,,89,85,87,84
2021/09/10/13:52:51.241696,2097,1631296371,241300106,,90,85,87,84
2021/09/10/13:52:51.257944,2098,1631296371,257372856,,91,88,83,88
2021/09/10/13:52:51.284682,2099,1631296371,284247875,,92,88,83,88
2021/09/10/13:52:51.300761,2100,1631296371,300241231,,93,88,83,88
2021/09/10/13:52:51.326767,2101,1631296371,326284885,,94,88,83,88
2021/09/10/13:52:51.342286,2102,1631296371,342050552,,95,88,83,88
2021/09/10/13:52:51.358749,2103,1631296371,358134984,,96,88,83,88
2021/09/10/13:52:51.384663,2104,1631296371,384087800,,97,89,83,88
2021/09/10/13:52:51.400570,2105,1631296371,400071859,,98,89,90,88
2021/09/10/13:52:51.426455,2106,1631296371,426080703,,99,89,90,88
2021/09/10/13:52:51.442333,2107,1631296371,441944599,,100,89,90,88
2021/09/10/13:52:51.458936,2108,1631296371,458027839,,101,89,90,88
2021/09/10/13:52:51.484287,2109,1631296371,483862638,,102,89,90,88
2021/09/10/13:52:51.500217,2110,1631296371,499833106,,103,89,90,88
2021/09/10/13:52:51.526185,2111,1631296371,525781154,,104,90,90,88
2021/09/10/13:52:51.541897,2112,1631296371,541652917,,105,90,86,88
2021/09/10/13:52:51.558259,2113,1631296371,557804584,,106,90,86,88
2021/09/10/13:52:51.584133,2114,1631296371,583724260,,107,90,86,88
2021/09/10/13:52:51.600380,2115,1631296371,599729537,,108,90,86,88
2021/09/10/13:52:51.625944,2116,1631296371,625534772,,109,90,86,88
2021/09/10/13:52:51.641930,2117,1631296371,641514778,,110,90,86,88
2021/09/10/13:52:51.658234,2118,1631296371,657578468,,111,90,93,88
2021/09/10/13:52:51.683987,2119,1631296371,683540582,,112,90,93,89
2021/09/10/13:52:51.700111,2120,1631296371,699494600,,113,90,93,89
2021/09/10/13:52:51.725691,2121,1631296371,725370407,,114,90,93,89
2021/09/10/13:52:51.741680,2122,1631296371,741342782,,115,90,93,89
2021/09/10/13:52:51.758258,2123,1631296371,757464170,,116,90,93,89
2021/09/10/13:52:51.784682,2124,1631296371,784334421,,117,91,93,89
2021/09/10/13:52:51.800928,2125,1631296371,800391912,,118,91,91,93
2021/09/10/13:52:51.826552,2126,1631296371,826223611,,119,91,91,93
2021/09/10/13:52:51.842527,2127,1631296371,842197656,,120,91,91,93
2021/09/10/13:52:51.859004,2128,1631296371,858255386,,121,91,91,93
2021/09/10/13:52:51.884513,2129,1631296371,884103536,,122,91,91,93
2021/09/10/13:52:51.900585,2130,1631296371,900107145,,123,91,91,93
2021/09/10/13:52:51.926290,2131,1631296371,926011085,,124,91,93,93
2021/09/10/13:52:51.942397,2132,1631296371,942010879,,125,91,93,92
2021/09/10/13:52:52.029491,2133,1631296372,29193639,,126,91,93,92
2021/09/10/13:52:52.030796,2134,1631296372,30519723,,127,91,93,92
2021/09/10/13:52:52.031275,2135,1631296372,30984878,,128,91,93,92
2021/09/10/13:52:52.058086,2136,1631296372,56943655,,129,93,93,92
2021/09/10/13:52:52.058134,2137,1631296372,57630300,,130,93,93,93
2021/09/10/13:52:52.084317,2138,1631296372,83846807,,131,93,93,93
2021/09/10/13:52:52.100235,2139,1631296372,99761486,,132,93,93,93
2021/09/10/13:52:52.126028,2140,1631296372,125624418,,133,93,93,93
2021/09/10/13:52:52.142049,2141,1631296372,141668558,,134,93,93,93
2021/09/10/13:52:52.158196,2142,1631296372,157683849,,135,96,93,93
2021/09/10/13:52:52.184081,2143,1631296372,183674812,,136,96,95,97
2021/09/10/13:52:52.200337,2144,1631296372,199599027,,137,96,95,97
2021/09/10/13:52:52.225811,2145,1631296372,225477933,,138,96,95,97
2021/09/10/13:52:52.241853,2146,1631296372,241416454,,139,96,95,97
2021/09/10/13:52:52.258347,2147,1631296372,257623910,,140,96,95,97
2021/09/10/13:52:52.283891,2148,1631296372,283494710,,141,96,95,97
2021/09/10/13:52:52.300032,2149,1631296372,299450159,,142,98,96,98
2021/09/10/13:52:52.325674,2150,1631296372,325368881,,143,98,96,98
2021/09/10/13:52:52.341632,2151,1631296372,341255426,,144,98,96,98
2021/09/10/13:52:52.358263,2152,1631296372,357333421,,145,98,96,98
2021/09/10/13:52:52.384592,2153,1631296372,384212732,,146,98,96,98
2021/09/10/13:52:52.400652,2154,1631296372,400227546,,147,98,96,98
2021/09/10/13:52:52.426517,2155,1631296372,426143169,,148,100,106,102
2021/09/10/13:52:52.442447,2156,1631296372,442093133,,149,100,106,102
2021/09/10/13:52:52.458995,2157,1631296372,458231210,,150,100,106,102
2021/09/10/13:52:52.484492,2158,1631296372,484012126,,151,100,106,102
2021/09/10/13:52:52.500409,2159,1631296372,500000953,,152,100,106,102
2021/09/10/13:52:52.526242,2160,1631296372,525958776,,153,104,106,102
2021/09/10/13:52:52.542460,2161,1631296372,541971921,,154,104,101,102
2021/09/10/13:52:52.558650,2162,1631296372,558022260,,155,104,101,102
2021/09/10/13:52:52.584278,2163,1631296372,583864212,,156,104,101,102
2021/09/10/13:52:52.600634,2164,1631296372,599917411,,157,104,101,102
2021/09/10/13:52:52.626105,2165,1631296372,625775337,,158,104,101,102
2021/09/10/13:52:52.642112,2166,1631296372,641780138,,159,105,101,102
2021/09/10/13:52:52.658674,2167,1631296372,657870769,,160,105,101,103
2021/09/10/13:52:52.684031,2168,1631296372,683674573,,161,105,101,103
2021/09/10/13:52:52.700197,2169,1631296372,699704170,,162,105,101,103
2021/09/10/13:52:52.726033,2170,1631296372,725631475,,163,105,101,103
2021/09/10/13:52:52.741924,2171,1631296372,741613149,,164,105,101,103
2021/09/10/13:52:52.758300,2172,1631296372,757661819,,165,107,101,104
2021/09/10/13:52:52.784035,2173,1631296372,783579587,,166,107,102,104
2021/09/10/13:52:52.800213,2174,1631296372,799508810,,167,107,102,104
2021/09/10/13:52:52.825998,2175,1631296372,825500011,,168,107,102,104
2021/09/10/13:52:52.841858,2176,1631296372,841383934,,169,107,102,104
2021/09/10/13:52:52.858420,2177,1631296372,857572317,,170,107,102,104
2021/09/10/13:52:52.884803,2178,1631296372,884371280,,171,107,105,102
2021/09/10/13:52:52.900689,2179,1631296372,900337457,,172,107,105,102
2021/09/10/13:52:52.926556,2180,1631296372,926192760,,173,107,105,102
2021/09/10/13:52:52.942481,2181,1631296372,942182779,,174,107,105,102
2021/09/10/13:52:52.958902,2182,1631296372,958222389,,175,107,105,102
2021/09/10/13:52:52.984361,2183,1631296372,984066009,,176,106,105,102
2021/09/10/13:52:53.000611,2184,1631296373,148057,,177,106,103,103
2021/09/10/13:52:53.026632,2185,1631296373,26024103,,178,106,103,103
2021/09/10/13:52:53.042289,2186,1631296373,41953802,,179,106,103,103
2021/09/10/13:52:53.058787,2187,1631296373,58095455,,180,106,103,103
2021/09/10/13:52:53.084199,2188,1631296373,83950757,,181,108,103,103
2021/09/10/13:52:53.100411,2189,1631296373,99887132,,182,108,103,103
2021/09/10/13:52:53.126136,2190,1631296373,125841379,,183,108,106,105
2021/09/10/13:52:53.142566,2191,1631296373,141857147,,184,108,106,105
2021/09/10/13:52:53.158509,2192,1631296373,157933950,,185,108,106,105
2021/09/10/13:52:53.184099,2193,1631296373,183745145,,186,108,106,105
2021/09/10/13:52:53.200373,2194,1631296373,199755191,,187,109,106,105
2021/09/10/13:52:53.225917,2195,1631296373,225643873,,188,109,106,109
2021/09/10/13:52:53.242060,2196,1631296373,241636514,,189,109,106,109
2021/09/10/13:52:53.258617,2197,1631296373,257676124,,190,109,106,109
2021/09/10/13:52:53.283960,2198,1631296373,283586978,,191,109,106,109
2021/09/10/13:52:53.300447,2199,1631296373,299618482,,192,109,106,109
2021/09/10/13:52:53.325843,2200,1631296373,325457334,,193,109,106,109
2021/09/10/13:52:53.341875,2201,1631296373,341406106,,194,109,105,108
2021/09/10/13:52:53.358195,2202,1631296373,357641220,,195,109,105,108
2021/09/10/13:52:53.384649,2203,1631296373,384350061,,196,109,105,108
2021/09/10/13:52:53.401524,2204,1631296373,400330543,,197,109,105,108
2021/09/10/13:52:53.426590,2205,1631296373,426263570,,198,110,105,108
2021/09/10/13:52:53.442416,2206,1631296373,442170381,,199,110,109,107
2021/09/10/13:52:53.458656,2207,1631296373,458259105,,200,110,109,107
2021/09/10/13:52:53.484568,2208,1631296373,484217405,,201,110,109,107
2021/09/10/13:52:53.500937,2209,1631296373,500213623,,202,110,109,107
2021/09/10/13:52:53.526492,2210,1631296373,526065587,,203,111,109,107
2021/09/10/13:52:53.542608,2211,1631296373,542119979,,204,111,109,107
2021/09/10/13:52:53.558934,2212,1631296373,558190345,,205,111,106,107
2021/09/10/13:52:53.584385,2213,1631296373,584009170,,206,111,106,107
2021/09/10/13:52:53.600626,2214,1631296373,600023031,,207,111,106,107
2021/09/10/13:52:53.626395,2215,1631296373,625990629,,208,111,106,107
2021/09/10/13:52:53.642209,2216,1631296373,641851425,,209,111,106,107
2021/09/10/13:52:53.658712,2217,1631296373,657996892,,210,111,106,109
2021/09/10/13:52:53.684402,2218,1631296373,683877706,,211,111,109,109
2021/09/10/13:52:53.700383,2219,1631296373,699862957,,212,111,109,109
2021/09/10/13:52:53.726216,2220,1631296373,725756406,,213,111,109,109
2021/09/10/13:52:53.742159,2221,1631296373,741715192,,214,108,109,109
2021/09/10/13:52:53.758281,2222,1631296373,757817983,,215,108,109,109
2021/09/10/13:52:53.784537,2223,1631296373,783762693,,216,108,113,110
2021/09/10/13:52:53.800067,2224,1631296373,799683332,,217,108,113,110
2021/09/10/13:52:53.825919,2225,1631296373,825559377,,218,108,113,110
2021/09/10/13:52:53.841902,2226,1631296373,841533184,,219,110,113,110
2021/09/10/13:52:53.858253,2227,1631296373,857689380,,220,110,113,110
2021/09/10/13:52:53.884047,2228,1631296373,883588075,,221,110,115,113
2021/09/10/13:52:53.900093,2229,1631296373,899479389,,222,110,115,113
2021/09/10/13:52:53.925782,2230,1631296373,925445079,,223,110,115,113
2021/09/10/13:52:53.941792,2231,1631296373,941350698,,224,110,115,113
2021/09/10/13:52:53.957678,2232,1631296373,957352399,,225,113,115,113
2021/09/10/13:52:53.984622,2233,1631296373,984318971,,226,113,114,114
2021/09/10/13:52:54.000607,2234,1631296374,202178,,227,113,114,114
2021/09/10/13:52:54.026532,2235,1631296374,26211738,,228,113,114,114
2021/09/10/13:52:54.042687,2236,1631296374,42196512,,229,113,114,114
2021/09/10/13:52:54.058687,2237,1631296374,58229923,,230,115,114,114
2021/09/10/13:52:54.084484,2238,1631296374,84148645,,231,115,120,117
2021/09/10/13:52:54.100849,2239,1631296374,100150108,,232,115,120,117
2021/09/10/13:52:54.126851,2240,1631296374,126174926,,233,115,120,117
2021/09/10/13:52:54.142459,2241,1631296374,142052650,,234,115,120,117
2021/09/10/13:52:54.158741,2242,1631296374,158065319,,235,112,120,117
2021/09/10/13:52:54.184386,2243,1631296374,183954477,,236,112,116,117
2021/09/10/13:52:54.200494,2244,1631296374,199919462,,237,112,116,116
2021/09/10/13:52:54.226280,2245,1631296374,225881099,,238,112,116,116
2021/09/10/13:52:54.242270,2246,1631296374,241825580,,239,112,116,116
2021/09/10/13:52:54.258422,2247,1631296374,257935285,,240,118,116,116
2021/09/10/13:52:54.284164,2248,1631296374,283760547,,241,118,116,116
2021/09/10/13:52:54.300393,2249,1631296374,299840927,,242,118,115,117
2021/09/10/13:52:54.326089,2250,1631296374,325653791,,243,118,115,117
2021/09/10/13:52:54.341997,2251,1631296374,341655015,,244,118,115,117
2021/09/10/13:52:54.358144,2252,1631296374,357681751,,245,121,115,117
2021/09/10/13:52:54.384082,2253,1631296374,383647203,,246,121,115,117
2021/09/10/13:52:54.400005,2254,1631296374,399524211,,247,121,115,119
2021/09/10/13:52:54.425720,2255,1631296374,425458192,,248,121,115,119
2021/09/10/13:52:54.441761,2256,1631296374,441401004,,249,121,115,119
2021/09/10/13:52:54.458429,2257,1631296374,457570075,,250,121,115,119
2021/09/10/13:52:54.484670,2258,1631296374,484356641,,251,121,115,119
2021/09/10/13:52:54.500935,2259,1631296374,500344276,,252,121,117,119
2021/09/10/13:52:54.526666,2260,1631296374,526279211,,253,121,117,119
2021/09/10/13:52:54.542593,2261,1631296374,542214393,,254,121,117,119
2021/09/10/13:52:54.559158,2262,1631296374,558383226,,255,118,117,119
2021/09/10/13:52:54.584527,2263,1631296374,584203243,,256,118,117,119
2021/09/10/13:52:54.600650,2264,1631296374,600200414,,257,118,120,118
2021/09/10/13:52:54.626670,2265,1631296374,626057863,,258,118,120,118
2021/09/10/13:52:54.658051,2266,1631296374,657254457,,259,118,120,118
2021/09/10/13:52:54.658958,2267,1631296374,658441066,,260,116,120,118
2021/09/10/13:52:54.684387,2268,1631296374,684001207,,261,116,120,118
2021/09/10/13:52:54.700356,2269,1631296374,700002193,,262,116,124,118
2021/09/10/13:52:54.726274,2270,1631296374,725931406,,263,116,124,118
2021/09/10/13:52:54.742125,2271,1631296374,741886138,,264,116,124,118
2021/09/10/13:52:54.758592,2272,1631296374,757909536,,265,116,124,118
2021/09/10/13:52:54.784323,2273,1631296374,783886432,,266,116,126,118
2021/09/10/13:52:54.800397,2274,1631296374,799893140,,267,116,126,121
2021/09/10/13:52:54.826252,2275,1631296374,825784921,,268,116,126,121
2021/09/10/13:52:54.842078,2276,1631296374,841702461,,269,116,126,121
2021/09/10/13:52:54.858462,2277,1631296374,857834339,,270,120,126,121
2021/09/10/13:52:54.884061,2278,1631296374,883736848,,271,120,124,121
2021/09/10/13:52:54.900162,2279,1631296374,899629831,,272,120,124,125
2021/09/10/13:52:54.925984,2280,1631296374,925598144,,273,120,124,125
2021/09/10/13:52:54.941829,2281,1631296374,941494703,,274,120,124,125
2021/09/10/13:52:54.958057,2282,1631296374,957573890,,275,123,124,125
2021/09/10/13:52:54.983812,2283,1631296374,983477115,,276,123,120,122
2021/09/10/13:52:54.999939,2284,1631296374,999475002,,277,123,120,122
2021/09/10/13:52:55.025787,2285,1631296375,25425672,,278,123,120,122
2021/09/10/13:52:55.041708,2286,1631296375,41382789,,279,123,120,122
2021/09/10/13:52:55.057937,2287,1631296375,57416439,,280,120,120,122
2021/09/10/13:52:55.084892,2288,1631296375,84433794,,281,120,117,120
2021/09/10/13:52:55.100883,2289,1631296375,100363254,,282,120,117,117
2021/09/10/13:52:55.126498,2290,1631296375,126226186,,283,120,117,117
2021/09/10/13:52:55.142748,2291,1631296375,142243385,,284,120,117,117
2021/09/10/13:52:55.159400,2292,1631296375,158365011,,285,118,117,117
2021/09/10/13:52:55.184584,2293,1631296375,184142589,,286,118,118,117
2021/09/10/13:52:55.200541,2294,1631296375,200143575,,287,118,118,117
2021/09/10/13:52:55.226428,2295,1631296375,226083755,,288,118,118,117
2021/09/10/13:52:55.242441,2296,1631296375,242030858,,289,118,118,117
2021/09/10/13:52:55.258785,2297,1631296375,258143424,,290,118,118,117
2021/09/10/13:52:55.284413,2298,1631296375,283977508,,291,118,116,117
2021/09/10/13:52:55.300711,2299,1631296375,300017118,,292,118,115,115
2021/09/10/13:52:55.326328,2300,1631296375,325933694,,293,118,115,115
2021/09/10/13:52:55.342198,2301,1631296375,341833829,,294,118,115,115
2021/09/10/13:52:55.358544,2302,1631296375,357943296,,295,117,115,115
2021/09/10/13:52:55.384263,2303,1631296375,383830308,,296,116,115,115
2021/09/10/13:52:55.400276,2304,1631296375,399734973,,297,116,111,112
2021/09/10/13:52:55.426021,2305,1631296375,425699949,,298,116,111,112
2021/09/10/13:52:55.442008,2306,1631296375,441660881,,299,116,111,112
2021/09/10/13:52:55.458380,2307,1631296375,457721233,,300,116,111,112
2021/09/10/13:52:55.483976,2308,1631296375,483631134,,301,111,111,112
2021/09/10/13:52:55.499964,2309,1631296375,499630689,,302,111,109,112
2021/09/10/13:52:55.527225,2310,1631296375,526538372,,303,111,109,109
2021/09/10/13:52:55.542723,2311,1631296375,542435407,,304,111,109,109
2021/09/10/13:52:55.559331,2312,1631296375,558642625,,305,111,109,109
2021/09/10/13:52:55.584858,2313,1631296375,584482908,,306,113,109,109
2021/09/10/13:52:55.601144,2314,1631296375,600477933,,307,113,109,109
2021/09/10/13:52:55.627009,2315,1631296375,626390695,,308,113,106,108
2021/09/10/13:52:55.642830,2316,1631296375,642305612,,309,113,106,108
2021/09/10/13:52:55.659114,2317,1631296375,658492326,,310,113,106,108
2021/09/10/13:52:55.684720,2318,1631296375,684290170,,311,111,106,108
2021/09/10/13:52:55.700577,2319,1631296375,700231075,,312,111,106,108
2021/09/10/13:52:55.726583,2320,1631296375,726155042,,313,111,106,108
2021/09/10/13:52:55.742535,2321,1631296375,742132425,,314,111,98,107
2021/09/10/13:52:55.758881,2322,1631296375,758254528,,315,111,98,107
2021/09/10/13:52:55.784305,2323,1631296375,784053087,,316,111,98,107
2021/09/10/13:52:55.800435,2324,1631296375,800050020,,317,114,98,107
2021/09/10/13:52:55.826335,2325,1631296375,825972080,,318,114,98,107
2021/09/10/13:52:55.842447,2326,1631296375,841925859,,319,114,98,106
2021/09/10/13:52:55.858914,2327,1631296375,858135223,,320,114,101,102
2021/09/10/13:52:55.884341,2328,1631296375,883893728,,321,114,101,102
2021/09/10/13:52:55.900271,2329,1631296375,899864673,,322,107,101,102
2021/09/10/13:52:55.926175,2330,1631296375,925817966,,323,107,101,102
2021/09/10/13:52:55.942126,2331,1631296375,941770553,,324,107,101,102
2021/09/10/13:52:55.958437,2332,1631296375,957801103,,325,107,101,102
2021/09/10/13:52:55.984092,2333,1631296375,983736038,,326,107,105,98
2021/09/10/13:52:56.000157,2334,1631296375,999739170,,327,107,105,98
2021/09/10/13:52:56.025935,2335,1631296376,25569915,,328,100,105,98
2021/09/10/13:52:56.042054,2336,1631296376,41548728,,329,100,105,98
2021/09/10/13:52:56.058125,2337,1631296376,57644367,,330,100,105,98
2021/09/10/13:52:56.083998,2338,1631296376,83553552,,331,100,104,98
2021/09/10/13:52:56.100096,2339,1631296376,99528551,,332,100,100,97
2021/09/10/13:52:56.125957,2340,1631296376,125418186,,333,100,100,97
2021/09/10/13:52:56.141803,2341,1631296376,141436576,,334,104,100,97
2021/09/10/13:52:56.158142,2342,1631296376,157433271,,335,104,100,97
2021/09/10/13:52:56.184865,2343,1631296376,184440851,,336,104,100,97
2021/09/10/13:52:56.200758,2344,1631296376,200314760,,337,104,100,97
2021/09/10/13:52:56.226554,2345,1631296376,226241588,,338,104,98,100
2021/09/10/13:52:56.242573,2346,1631296376,242203950,,339,104,98,100
2021/09/10/13:52:56.259112,2347,1631296376,258381366,,340,104,98,100
2021/09/10/13:52:56.284602,2348,1631296376,284142017,,341,104,98,100
2021/09/10/13:52:56.300775,2349,1631296376,300163745,,342,104,98,100
2021/09/10/13:52:56.326424,2350,1631296376,326060771,,343,104,98,100
2021/09/10/13:52:56.342431,2351,1631296376,342075824,,344,104,101,98
2021/09/10/13:52:56.358751,2352,1631296376,358035802,,345,104,101,98
2021/09/10/13:52:56.384407,2353,1631296376,383992671,,346,104,101,98
2021/09/10/13:52:56.400433,2354,1631296376,400005102,,347,104,101,98
2021/09/10/13:52:56.426069,2355,1631296376,425819873,,348,104,101,98
2021/09/10/13:52:56.442202,2356,1631296376,441831588,,349,104,101,98
2021/09/10/13:52:56.458392,2357,1631296376,457872152,,350,104,92,95
2021/09/10/13:52:56.484280,2358,1631296376,483826398,,351,100,92,95
2021/09/10/13:52:56.500300,2359,1631296376,499742746,,352,100,92,95
2021/09/10/13:52:56.526108,2360,1631296376,525705814,,353,100,92,95
2021/09/10/13:52:56.542011,2361,1631296376,541635513,,354,100,92,95
2021/09/10/13:52:56.558374,2362,1631296376,557766437,,355,100,92,95
2021/09/10/13:52:56.583972,2363,1631296376,583626270,,356,100,97,95
2021/09/10/13:52:56.599948,2364,1631296376,599578380,,357,99,97,94
2021/09/10/13:52:56.625861,2365,1631296376,625538825,,358,98,97,94
2021/09/10/13:52:56.641915,2366,1631296376,641462087,,359,98,97,94
2021/09/10/13:52:56.658108,2367,1631296376,657577991,,360,98,97,94
2021/09/10/13:52:56.683799,2368,1631296376,683463096,,361,98,97,94
2021/09/10/13:52:56.700075,2369,1631296376,699420452,,362,98,96,94
2021/09/10/13:52:56.725935,2370,1631296376,725437879,,363,98,93,96
2021/09/10/13:52:56.741507,2371,1631296376,741315364,,364,100,93,96
2021/09/10/13:52:56.757901,2372,1631296376,757436275,,365,100,93,96
2021/09/10/13:52:56.784834,2373,1631296376,784344434,,366,100,93,96
2021/09/10/13:52:56.800740,2374,1631296376,800206661,,367,100,93,96
2021/09/10/13:52:56.826487,2375,1631296376,826165199,,368,100,93,96
2021/09/10/13:52:56.842680,2376,1631296376,842160224,,369,103,93,95
2021/09/10/13:52:56.858971,2377,1631296376,858190298,,370,103,93,95
2021/09/10/13:52:56.884525,2378,1631296376,884120225,,371,103,93,95
2021/09/10/13:52:56.900702,2379,1631296376,900173664,,372,103,93,95
2021/09/10/13:52:56.926379,2380,1631296376,926038265,,373,103,93,95
2021/09/10/13:52:56.942445,2381,1631296376,941997766,,374,103,93,95
2021/09/10/13:52:57.029508,2382,1631296377,29141426,,375,103,95,95
2021/09/10/13:52:57.030643,2383,1631296377,30365705,,376,103,95,93
2021/09/10/13:52:57.031063,2384,1631296377,30793190,,377,103,95,93
2021/09/10/13:52:57.057714,2385,1631296377,56915283,,378,103,95,93
2021/09/10/13:52:57.058945,2386,1631296377,58114528,,379,103,95,93
2021/09/10/13:52:57.084219,2387,1631296377,83815097,,380,100,95,93
2021/09/10/13:52:57.100098,2388,1631296377,99732160,,381,100,90,93
2021/09/10/13:52:57.125960,2389,1631296377,125651597,,382,100,90,93
2021/09/10/13:52:57.142114,2390,1631296377,141663789,,383,100,90,93
2021/09/10/13:52:57.158011,2391,1631296377,157659053,,384,100,90,93
2021/09/10/13:52:57.183973,2392,1631296377,183614015,,385,100,90,93
2021/09/10/13:52:57.200195,2393,1631296377,199561595,,386,99,90,93
2021/09/10/13:52:57.225840,2394,1631296377,225447177,,387,99,96,95
2021/09/10/13:52:57.241939,2395,1631296377,241432428,,388,99,96,95
2021/09/10/13:52:57.258066,2396,1631296377,257486104,,389,99,96,95
2021/09/10/13:52:57.284813,2397,1631296377,284494161,,390,99,96,95
2021/09/10/13:52:57.301162,2398,1631296377,300428390,,391,99,96,95
2021/09/10/13:52:57.326649,2399,1631296377,326291799,,392,100,96,95
2021/09/10/13:52:57.342470,2400,1631296377,342220544,,393,100,98,95
2021/09/10/13:52:57.359149,2401,1631296377,358377218,,394,100,98,95
2021/09/10/13:52:57.384588,2402,1631296377,384235620,,395,100,98,95
2021/09/10/13:52:57.400600,2403,1631296377,400178909,,396,100,98,95
2021/09/10/13:52:57.426401,2404,1631296377,426105022,,397,100,98,95
2021/09/10/13:52:57.442541,2405,1631296377,442058324,,398,103,98,95
2021/09/10/13:52:57.458945,2406,1631296377,458231687,,399,103,97,95
2021/09/10/13:52:57.484317,2407,1631296377,483972549,,400,103,95,97
2021/09/10/13:52:57.500475,2408,1631296377,500023841,,401,103,95,97
2021/09/10/13:52:57.526250,2409,1631296377,525938987,,402,103,95,97
2021/09/10/13:52:57.542088,2410,1631296377,541798830,,403,103,95,97
2021/09/10/13:52:57.558393,2411,1631296377,557940959,,404,103,95,97
2021/09/10/13:52:57.584327,2412,1631296377,583838701,,405,103,95,97
2021/09/10/13:52:57.600371,2413,1631296377,599816083,,406,103,94,96
2021/09/10/13:52:57.626082,2414,1631296377,625730276,,407,103,94,96
2021/09/10/13:52:57.642096,2415,1631296377,641670942,,408,103,94,96
2021/09/10/13:52:57.658179,2416,1631296377,657756805,,409,103,94,96
2021/09/10/13:52:57.684185,2417,1631296377,683722734,,410,103,94,96
2021/09/10/13:52:57.700107,2418,1631296377,699645757,,411,103,94,96
2021/09/10/13:52:57.725930,2419,1631296377,725595951,,412,103,95,98
2021/09/10/13:52:57.741949,2420,1631296377,741544485,,413,103,95,98
2021/09/10/13:52:57.758338,2421,1631296377,757614374,,414,103,95,98
2021/09/10/13:52:57.784106,2422,1631296377,783571481,,415,103,95,98
2021/09/10/13:52:57.800027,2423,1631296377,799536705,,416,103,95,98
2021/09/10/13:52:57.825717,2424,1631296377,825363636,,417,103,95,98
2021/09/10/13:52:57.841845,2425,1631296377,841367006,,418,103,96,96
2021/09/10/13:52:57.857824,2426,1631296377,857369899,,419,103,96,96
2021/09/10/13:52:57.884926,2427,1631296377,884332180,,420,103,96,96
2021/09/10/13:52:57.900932,2428,1631296377,900293111,,421,105,96,96
2021/09/10/13:52:57.926611,2429,1631296377,926177501,,422,105,96,96
2021/09/10/13:52:57.942530,2430,1631296377,942183971,,423,105,96,96
2021/09/10/13:52:57.959579,2431,1631296377,958273649,,424,105,96,96
2021/09/10/13:52:57.984378,2432,1631296377,984082937,,425,105,97,96
2021/09/10/13:52:58.000502,2433,1631296378,80823,,426,105,97,96
2021/09/10/13:52:58.026421,2434,1631296378,26017665,,427,105,97,96
2021/09/10/13:52:58.042391,2435,1631296378,41990995,,428,105,97,96
2021/09/10/13:52:58.058960,2436,1631296378,58160305,,429,105,97,96
2021/09/10/13:52:58.084284,2437,1631296378,83914279,,430,105,97,96
2021/09/10/13:52:58.100423,2438,1631296378,99920988,,431,105,95,97
2021/09/10/13:52:58.126166,2439,1631296378,125866889,,432,104,95,97
2021/09/10/13:52:58.142392,2440,1631296378,141899347,,433,104,95,97
2021/09/10/13:52:58.158424,2441,1631296378,157803297,,434,104,95,97
2021/09/10/13:52:58.184014,2442,1631296378,183740854,,435,104,95,97
2021/09/10/13:52:58.200106,2443,1631296378,199705362,,436,104,95,97
2021/09/10/13:52:58.225981,2444,1631296378,225634098,,437,104,97,98
2021/09/10/13:52:58.241978,2445,1631296378,241583585,,438,102,97,98
2021/09/10/13:52:58.258550,2446,1631296378,257703542,,439,102,97,98
2021/09/10/13:52:58.284162,2447,1631296378,283632040,,440,102,97,98
2021/09/10/13:52:58.299799,2448,1631296378,299480676,,441,102,97,98
2021/09/10/13:52:58.325798,2449,1631296378,325438022,,442,102,97,98
2021/09/10/13:52:58.341669,2450,1631296378,341352701,,443,102,100,97
2021/09/10/13:52:58.357872,2451,1631296378,357403516,,444,98,100,97
2021/09/10/13:52:58.384983,2452,1631296378,384480714,,445,98,100,97
2021/09/10/13:52:58.400869,2453,1631296378,400366783,,446,98,100,97
2021/09/10/13:52:58.426689,2454,1631296378,426302433,,447,98,100,97
2021/09/10/13:52:58.442580,2455,1631296378,442221403,,448,98,100,97
2021/09/10/13:52:58.458742,2456,1631296378,458328247,,449,98,97,97
2021/09/10/13:52:58.484575,2457,1631296378,484202146,,450,98,97,97
2021/09/10/13:52:58.500648,2458,1631296378,500210523,,451,98,97,97
2021/09/10/13:52:58.526602,2459,1631296378,526163339,,452,98,97,97
2021/09/10/13:52:58.542407,2460,1631296378,542037963,,453,98,97,97
2021/09/10/13:52:58.558514,2461,1631296378,558104753,,454,98,97,97
2021/09/10/13:52:58.584244,2462,1631296378,583965778,,455,98,95,93
2021/09/10/13:52:58.600684,2463,1631296378,600033521,,456,98,91,93
2021/09/10/13:52:58.626158,2464,1631296378,625900506,,457,97,91,93
2021/09/10/13:52:58.642009,2465,1631296378,641793727,,458,97,91,93
2021/09/10/13:52:58.658577,2466,1631296378,657868862,,459,97,91,93
2021/09/10/13:52:58.684286,2467,1631296378,683845520,,460,97,91,93
2021/09/10/13:52:58.700298,2468,1631296378,699767112,,461,97,91,93
2021/09/10/13:52:58.726090,2469,1631296378,725708723,,462,97,88,85
2021/09/10/13:52:58.742049,2470,1631296378,741677999,,463,93,87,85
2021/09/10/13:52:58.758640,2471,1631296378,757788181,,464,93,87,85
2021/09/10/13:52:58.784210,2472,1631296378,783686399,,465,93,87,85
2021/09/10/13:52:58.800228,2473,1631296378,799681425,,466,93,87,85
2021/09/10/13:52:58.825886,2474,1631296378,825599431,,467,93,87,85
2021/09/10/13:52:58.842144,2475,1631296378,841540098,,468,93,87,85
2021/09/10/13:52:58.858180,2476,1631296378,857556819,,469,91,86,85
2021/09/10/13:52:58.883949,2477,1631296378,883491039,,470,91,81,80
2021/09/10/13:52:58.899756,2478,1631296378,899437189,,471,91,81,80
2021/09/10/13:52:58.925938,2479,1631296378,925465345,,472,91,81,80
2021/09/10/13:52:58.941487,2480,1631296378,941261768,,473,91,81,80
2021/09/10/13:52:58.958413,2481,1631296378,957598447,,474,91,81,80
2021/09/10/13:52:58.984882,2482,1631296378,984412908,,475,91,81,80
2021/09/10/13:52:59.000809,2483,1631296379,268459,,476,85,81,80
2021/09/10/13:52:59.026418,2484,1631296379,26170253,,477,82,80,79
2021/09/10/13:52:59.042472,2485,1631296379,42118787,,478,82,80,77
2021/09/10/13:52:59.058799,2486,1631296379,58286190,,479,82,80,77
2021/09/10/13:52:59.084606,2487,1631296379,84046602,,480,82,80,77
2021/09/10/13:52:59.101000,2488,1631296379,100089550,,481,82,80,77
2021/09/10/13:52:59.126342,2489,1631296379,125990152,,482,82,80,77
2021/09/10/13:52:59.142400,2490,1631296379,142000913,,483,82,80,77
2021/09/10/13:52:59.158727,2491,1631296379,158103704,,484,77,80,77
2021/09/10/13:52:59.184153,2492,1631296379,183878660,,485,75,76,77
2021/09/10/13:52:59.200192,2493,1631296379,199879884,,486,75,76,74
2021/09/10/13:52:59.226195,2494,1631296379,225873947,,487,75,76,74
2021/09/10/13:52:59.242224,2495,1631296379,241813421,,488,75,76,74
2021/09/10/13:52:59.258322,2496,1631296379,257889509,,489,75,76,74
2021/09/10/13:52:59.284246,2497,1631296379,283850908,,490,75,76,74
2021/09/10/13:52:59.300581,2498,1631296379,299801826,,491,75,76,74
2021/09/10/13:52:59.326076,2499,1631296379,325660705,,492,75,76,74
2021/09/10/13:52:59.342047,2500,1631296379,341602325,,493,72,72,74
2021/09/10/13:52:59.358269,2501,1631296379,357682466,,494,72,70,69
2021/09/10/13:52:59.383952,2502,1631296379,383569717,,495,72,70,69
2021/09/10/13:52:59.399937,2503,1631296379,399530410,,496,72,70,69
2021/09/10/13:52:59.425736,2504,1631296379,425458431,,497,72,70,69
2021/09/10/13:52:59.441738,2505,1631296379,441428899,,498,72,70,69
2021/09/10/13:52:59.458004,2506,1631296379,457550287,,499,72,70,69
2021/09/10/13:52:59.483936,2507,1631296379,483499050,,500,72,70,69
2021/09/10/13:52:59.499810,2508,1631296379,499393701,,501,70,70,69
2021/09/10/13:52:59.525636,2509,1631296379,525343894,,502,69,69,69
2021/09/10/13:52:59.541715,2510,1631296379,541304826,,503,69,69,67
2021/09/10/13:52:59.558164,2511,1631296379,557442188,,504,69,69,67
2021/09/10/13:52:59.584676,2512,1631296379,584300994,,505,69,69,67
2021/09/10/13:52:59.600865,2513,1631296379,600253582,,506,69,69,67
2021/09/10/13:52:59.626543,2514,1631296379,626199722,,507,69,69,67
2021/09/10/13:52:59.642849,2515,1631296379,642218351,,508,69,69,67
2021/09/10/13:52:59.659081,2516,1631296379,658246755,,509,69,69,67
2021/09/10/13:52:59.684428,2517,1631296379,684099912,,510,67,69,67
2021/09/10/13:52:59.700949,2518,1631296379,700081348,,511,65,65,67
2021/09/10/13:52:59.726311,2519,1631296379,725990295,,512,65,64,65
2021/09/10/13:52:59.742422,2520,1631296379,741974592,,513,65,64,62
2021/09/10/13:52:59.758576,2521,1631296379,758050203,,514,65,64,62
2021/09/10/13:52:59.784609,2522,1631296379,784012794,,515,65,64,62
2021/09/10/13:52:59.800625,2523,1631296379,799957752,,516,65,64,62
2021/09/10/13:52:59.826353,2524,1631296379,825878381,,517,65,64,62
2021/09/10/13:52:59.842200,2525,1631296379,841711044,,518,65,64,62
2021/09/10/13:52:59.858426,2526,1631296379,857801198,,519,65,64,62
2021/09/10/13:52:59.884198,2527,1631296379,883740901,,520,61,64,62
2021/09/10/13:52:59.900182,2528,1631296379,899672269,,521,58,61,62
2021/09/10/13:52:59.925966,2529,1631296379,925626516,,522,58,57,62
2021/09/10/13:52:59.941797,2530,1631296379,941490411,,523,58,57,56
2021/09/10/13:52:59.957945,2531,1631296379,957605838,,524,58,57,56
2021/09/10/13:52:59.983956,2532,1631296379,983565807,,525,58,57,56
2021/09/10/13:52:59.999955,2533,1631296379,999541759,,526,58,57,56
2021/09/10/13:53:00.025917,2534,1631296380,25465488,,527,58,57,56
2021/09/10/13:53:00.041936,2535,1631296380,41426658,,528,58,57,56
2021/09/10/13:53:00.058472,2536,1631296380,57463645,,529,58,57,56
2021/09/10/13:53:00.084767,2537,1631296380,84420204,,530,58,57,56
2021/09/10/13:53:00.100938,2538,1631296380,100318670,,531,57,57,56
2021/09/10/13:53:00.126566,2539,1631296380,126220941,,532,53,57,56
2021/09/10/13:53:00.142498,2540,1631296380,142135858,,533,53,52,56
2021/09/10/13:53:00.158887,2541,1631296380,158239126,,534,53,50,54
2021/09/10/13:53:00.184850,2542,1631296380,184163570,,535,53,50,51
2021/09/10/13:53:00.200579,2543,1631296380,200113058,,536,53,50,51
2021/09/10/13:53:00.226422,2544,1631296380,226055860,,537,53,50,51
2021/09/10/13:53:00.242277,2545,1631296380,241958618,,538,53,50,51
2021/09/10/13:53:00.258912,2546,1631296380,258094072,,539,53,50,51
2021/09/10/13:53:00.284260,2547,1631296380,283880710,,540,53,50,51
2021/09/10/13:53:00.300556,2548,1631296380,299891948,,541,53,50,51
2021/09/10/13:53:00.326162,2549,1631296380,325855731,,542,53,50,51
2021/09/10/13:53:00.342213,2550,1631296380,341811418,,543,53,50,51
2021/09/10/13:53:00.358455,2551,1631296380,357829809,,544,48,50,51
2021/09/10/13:53:00.384165,2552,1631296380,383740425,,545,47,50,51
2021/09/10/13:53:00.400111,2553,1631296380,399686098,,546,47,48,51
2021/09/10/13:53:00.426296,2554,1631296380,425779104,,547,47,47,48
2021/09/10/13:53:00.442124,2555,1631296380,441717147,,548,47,47,45
2021/09/10/13:53:00.458613,2556,1631296380,457895040,,549,47,47,45
2021/09/10/13:53:00.484028,2557,1631296380,483603477,,550,47,47,45
2021/09/10/13:53:00.500041,2558,1631296380,499572992,,551,47,47,45
2021/09/10/13:53:00.525792,2559,1631296380,525467157,,552,47,47,45
2021/09/10/13:53:00.541582,2560,1631296380,541389226,,553,47,47,45
2021/09/10/13:53:00.557968,2561,1631296380,557527542,,554,47,47,45
2021/09/10/13:53:00.583845,2562,1631296380,583425998,,555,47,47,45
2021/09/10/13:53:00.599930,2563,1631296380,599370002,,556,47,47,45
2021/09/10/13:53:00.625535,2564,1631296380,625271797,,557,47,47,45
2021/09/10/13:53:00.641560,2565,1631296380,641182422,,558,44,47,45
2021/09/10/13:53:00.657908,2566,1631296380,657351970,,559,44,47,45
2021/09/10/13:53:00.684634,2567,1631296380,684223890,,560,44,43,45
2021/09/10/13:53:00.700743,2568,1631296380,700204133,,561,44,42,45
2021/09/10/13:53:00.726572,2569,1631296380,726178884,,562,44,42,42
2021/09/10/13:53:00.742745,2570,1631296380,742076635,,563,44,42,41
2021/09/10/13:53:00.758669,2571,1631296380,758117914,,564,44,42,41
2021/09/10/13:53:00.784292,2572,1631296380,783951520,,565,44,42,41
2021/09/10/13:53:00.800577,2573,1631296380,800081968,,566,44,42,41
2021/09/10/13:53:00.826478,2574,1631296380,826005935,,567,44,42,41
2021/09/10/13:53:00.842389,2575,1631296380,841907501,,568,44,42,41
2021/09/10/13:53:00.858643,2576,1631296380,858024835,,569,44,42,41
2021/09/10/13:53:00.884163,2577,1631296380,883856534,,570,44,42,41
2021/09/10/13:53:00.900434,2578,1631296380,899823188,,571,44,42,41
2021/09/10/13:53:00.926044,2579,1631296380,925723314,,572,42,42,41
2021/09/10/13:53:00.941886,2580,1631296380,941650867,,573,40,42,41
2021/09/10/13:53:00.958177,2581,1631296380,957776784,,574,37,42,41
2021/09/10/13:53:00.984322,2582,1631296380,983706712,,575,37,40,41
2021/09/10/13:53:01.000089,2583,1631296380,999656677,,576,37,38,41
2021/09/10/13:53:01.025886,2584,1631296381,25597095,,577,37,36,40
2021/09/10/13:53:01.041841,2585,1631296381,41509389,,578,37,36,38
2021/09/10/13:53:01.058300,2586,1631296381,57558298,,579,37,36,36
2021/09/10/13:53:01.083975,2587,1631296381,83511114,,580,37,36,34
2021/09/10/13:53:01.100142,2588,1631296381,99505662,,581,37,36,34
2021/09/10/13:53:01.125805,2589,1631296381,125371932,,582,37,36,34
2021/09/10/13:53:01.141735,2590,1631296381,141373634,,583,37,36,34
2021/09/10/13:53:01.157948,2591,1631296381,157441616,,584,37,36,34
2021/09/10/13:53:01.184723,2592,1631296381,184390783,,585,37,36,34
2021/09/10/13:53:01.200848,2593,1631296381,200335502,,586,37,36,34
2021/09/10/13:53:01.226684,2594,1631296381,226206779,,587,37,36,34
2021/09/10/13:53:01.242607,2595,1631296381,242181301,,588,37,36,34
2021/09/10/13:53:01.259236,2596,1631296381,258339643,,589,37,36,34
2021/09/10/13:53:01.284476,2597,1631296381,284116506,,590,37,36,34
2021/09/10/13:53:01.300775,2598,1631296381,300118207,,591,35,36,34
2021/09/10/13:53:01.326366,2599,1631296381,326018810,,592,33,36,34
2021/09/10/13:53:01.342541,2600,1631296381,341963529,,593,31,36,34
2021/09/10/13:53:01.358616,2601,1631296381,358038663,,594,30,34,34
2021/09/10/13:53:01.384504,2602,1631296381,383969545,,595,30,32,34
2021/09/10/13:53:01.400852,2603,1631296381,399943590,,596,30,31,34
2021/09/10/13:53:01.426394,2604,1631296381,425872564,,597,30,29,34
2021/09/10/13:53:01.442204,2605,1631296381,441780090,,598,30,29,32
2021/09/10/13:53:01.458700,2606,1631296381,457839488,,599,30,29,30
2021/09/10/13:53:01.484410,2607,1631296381,483763456,,600,30,29,29
2021/09/10/13:53:01.500365,2608,1631296381,499755144,,601,30,29,29
2021/09/10/13:53:01.526114,2609,1631296381,525729656,,602,30,29,29
2021/09/10/13:53:01.541794,2610,1631296381,541544914,,603,30,29,29
2021/09/10/13:53:01.558317,2611,1631296381,557700634,,604,30,29,29
2021/09/10/13:53:01.583952,2612,1631296381,583583354,,605,30,29,29
2021/09/10/13:53:01.599977,2613,1631296381,599531650,,606,30,29,29
2021/09/10/13:53:01.625873,2614,1631296381,625442028,,607,30,29,29
2021/09/10/13:53:01.641891,2615,1631296381,641386508,,608,30,29,29
2021/09/10/13:53:01.657913,2616,1631296381,657415151,,609,30,29,29
2021/09/10/13:53:01.683897,2617,1631296381,683425188,,610,30,29,29
2021/09/10/13:53:01.699870,2618,1631296381,699368000,,611,30,29,29
2021/09/10/13:53:01.725494,2619,1631296381,725213766,,612,30,29,29
2021/09/10/13:53:01.741425,2620,1631296381,741118669,,613,30,29,29
2021/09/10/13:53:01.757729,2621,1631296381,757253646,,614,29,29,29
2021/09/10/13:53:01.784420,2622,1631296381,784147739,,615,28,29,29
2021/09/10/13:53:01.800532,2623,1631296381,800084114,,616,28,29,29
2021/09/10/13:53:01.826454,2624,1631296381,826079845,,617,28,29,29
2021/09/10/13:53:01.842259,2625,1631296381,841963768,,618,28,28,29
2021/09/10/13:53:01.858548,2626,1631296381,857997655,,619,28,27,29
2021/09/10/13:53:01.884351,2627,1631296381,883947849,,620,28,27,29
2021/09/10/13:53:01.900437,2628,1631296381,899903297,,621,28,27,28
2021/09/10/13:53:01.926574,2629,1631296381,925933837,,622,28,27,27
2021/09/10/13:53:01.942173,2630,1631296381,941801071,,623,28,27,27
2021/09/10/13:53:02.029526,2631,1631296382,29158592,,624,28,27,27
2021/09/10/13:53:02.030555,2632,1631296382,30351877,,625,28,27,27
2021/09/10/13:53:02.031038,2633,1631296382,30740499,,626,28,27,27
2021/09/10/13:53:02.057251,2634,1631296382,56698322,,627,28,27,27
2021/09/10/13:53:02.057891,2635,1631296382,57449579,,628,28,27,27
2021/09/10/13:53:02.084060,2636,1631296382,83679914,,629,28,27,27
2021/09/10/13:53:02.099873,2637,1631296382,99549293,,630,28,27,27
2021/09/10/13:53:02.125901,2638,1631296382,125514984,,631,28,27,27
2021/09/10/13:53:02.141956,2639,1631296382,141547918,,632,28,27,27
2021/09/10/13:53:02.158074,2640,1631296382,157540559,,633,28,27,27
2021/09/10/13:53:02.183786,2641,1631296382,183425188,,634,28,27,27
2021/09/10/13:53:02.199714,2642,1631296382,199382781,,635,28,27,27
2021/09/10/13:53:02.225628,2643,1631296382,225306034,,636,27,27,27
2021/09/10/13:53:02.241771,2644,1631296382,241293430,,637,26,27,27
2021/09/10/13:53:02.257791,2645,1631296382,257307291,,638,25,27,27
2021/09/10/13:53:02.284581,2646,1631296382,284178495,,639,24,27,27
2021/09/10/13:53:02.300502,2647,1631296382,300160408,,640,24,27,27
2021/09/10/13:53:02.326484,2648,1631296382,326131820,,641,24,26,27
2021/09/10/13:53:02.342520,2649,1631296382,342170238,,642,24,25,27
2021/09/10/13:53:02.358623,2650,1631296382,358181953,,643,24,24,27
2021/09/10/13:53:02.384251,2651,1631296382,383996486,,644,24,24,26
2021/09/10/13:53:02.400690,2652,1631296382,400019168,,645,24,24,25
2021/09/10/13:53:02.426391,2653,1631296382,425937891,,646,24,24,24
2021/09/10/13:53:02.442155,2654,1631296382,441845417,,647,24,24,24
2021/09/10/13:53:02.458424,2655,1631296382,457947254,,648,24,24,24
2021/09/10/13:53:02.484469,2656,1631296382,483932495,,649,24,24,24
2021/09/10/13:53:02.500527,2657,1631296382,499887704,,650,24,24,24
2021/09/10/13:53:02.525976,2658,1631296382,525727510,,651,24,24,24
2021/09/10/13:53:02.541930,2659,1631296382,541646718,,652,24,24,24
2021/09/10/13:53:02.558100,2660,1631296382,557710409,,653,24,24,24
2021/09/10/13:53:02.584013,2661,1631296382,583641290,,654,24,24,24
2021/09/10/13:53:02.600109,2662,1631296382,599646806,,655,24,24,24
2021/09/10/13:53:02.625839,2663,1631296382,625558137,,656,24,24,24
2021/09/10/13:53:02.641801,2664,1631296382,641475915,,657,24,24,24
2021/09/10/13:53:02.658653,2665,1631296382,657593011,,658,24,24,24
2021/09/10/13:53:02.683762,2666,1631296382,683478116,,659,24,24,24
2021/09/10/13:53:02.699780,2667,1631296382,699441432,,660,24,24,24
2021/09/10/13:53:02.725672,2668,1631296382,725346565,,661,24,24,24
2021/09/10/13:53:02.741691,2669,1631296382,741359710,,662,24,24,24
2021/09/10/13:53:02.757981,2670,1631296382,757508277,,663,24,24,24
2021/09/10/13:53:02.784660,2671,1631296382,784325599,,664,24,24,24
2021/09/10/13:53:02.801129,2672,1631296382,800403833,,665,24,24,24
2021/09/10/13:53:02.826687,2673,1631296382,826257705,,666,24,24,24
2021/09/10/13:53:02.842725,2674,1631296382,842189550,,667,24,24,24
2021/09/10/13:53:02.858644,2675,1631296382,858219385,,668,24,24,24
